<Driver Description="this driver manage all the commands that runs at the vcenter context" MainClass="driver.VCenterShellDriver" Name="VCenter Driver" Version="1.3.0">
    <Layout>
        <Category Name="Deployment">
            <Command Description="" DisplayName="Deploy From Template" Name="deploy_from_template" Tags="allow_unreserved" />
            <Command Description="" DisplayName="Deploy Clone From VM" Name="deploy_clone_from_vm" Tags="allow_unreserved" />
            <Command Description="" DisplayName="Deploy from Linked Clone" Name="deploy_from_linked_clone" Tags="allow_unreserved" />
            <Command Description="" DisplayName="Deploy From Image" Name="deploy_from_image" Tags="allow_unreserved" />
        </Category>
        <Category Name="Connectivity">
            <Command Description="" DisplayName="Refresh IP" EnableCancellation="true" Name="remote_refresh_ip" Tags="remote_connectivity,allow_shared" />
            <Command Description="" DisplayName="Apply Connectivity Changes" Name="ApplyConnectivityChanges" Tags="allow_unreserved" />
            <Command Description="" DisplayName="Disconnect All" Name="disconnect_all" Tags="allow_unreserved" />
            <Command Description="" DisplayName="Disconnect" Name="disconnect" Tags="allow_unreserved" />
        </Category>
        <Category Name="Snapshot">
            <Command Description="" DisplayName="Save Snapshot" Name="remote_save_snapshot" Tags="remote_connectivity,allow_unreserved" />
            <Command Description="" DisplayName="Restore Snapshot" Name="remote_restore_snapshot" Tags="remote_connectivity,allow_unreserved">
                <Parameters>
                    <Parameter DefaultValue="" Description="Please enter the full path of the VM snapshot, for example Snapshot1/Snapshot2." DisplayName="Snapshot Name" Mandatory="True" Name="snapshot_name" Type="String" />
                </Parameters>
            </Command>
            <Command Description="" DisplayName="Get Snapshots" Name="remote_get_snapshots" Tags="remote_connectivity,allow_unreserved" />
        </Category>
        <Category Name="Hidden Commands">
            <Command Description="" DisplayName="Power Cycle" Name="PowerCycle" Tags="power" />
            <Command Description="" DisplayName="Delete VM Only" Name="destroy_vm_only" Tags="remote_app_management,allow_shared" />
            <Command Description="" DisplayName="Get VM Uuid" Name="get_vm_uuid" Tags="allow_shared" />
            <Command Description="" DisplayName="Orchestration Save" Name="orchestration_save" Tags="remote_connectivity,allow_unreserved" />
            <Command Description="" DisplayName="Orchestration Restore" Name="orchestration_restore" Tags="remote_connectivity,allow_unreserved" />
        </Category>
        <Category Name="Power">
            <Command Description="" DisplayName="Power On" Name="PowerOn" Tags="power" />
            <Command Description="" DisplayName="Power Off" Name="PowerOff" Tags="power" />
        </Category>
    </Layout>
</Driver>